SET NAMES utf8;
INSERT INTO searchVariant(id,email,created_date,key_words,categories) VALUES (1,'dimaaasik.s@gmail.com',1369229028460,'man coat','clothes');
INSERT INTO searchVariant(id,email,created_date,key_words,categories) VALUES (2,'dimaaasik.s@gmail.com',1369229028463,'coat','clothes');
INSERT INTO searchVariant(id,email,created_date,key_words,categories) VALUES (3,'dimaaasik.s@gmail.com',1369229028461,'man coat','notclothes');
INSERT INTO Category (id,name,description,created_date,is_deleted,updated_date) VALUES (1,'clothes','very good',460,1,461);
INSERT INTO Category (id,name,description,created_date,is_deleted,updated_date) VALUES (2,'notclothes','very good',460,1,461);
INSERT INTO user (id,first_name,last_name,created_date,is_deleted,updated_date,vk_link,email) VALUES (1,'Dmitry','Silerd',460,1,461,'vk.com/322233','test@gmail.com');
INSERT INTO advertisement (id,created_date,is_deleted,photo_file,text,title,updated_date,category_id,user_id) VALUES (1,1369229028460,1,'image1.jpg','this is coat','man coat',15000,1,1);
INSERT INTO advertisement (id,created_date,is_deleted,photo_file,text,title,updated_date,category_id,user_id) VALUES (2,1369232628460,1,'image2.jpg','this is coat2','boots',25000,1,1);
INSERT INTO advertisement (id,created_date,is_deleted,photo_file,text,title,updated_date,category_id,user_id) VALUES (3,1369239828460,1,'image3.jpg','this is coat3','bicycle',35000,2,1);
INSERT INTO advertisement (id,created_date,is_deleted,photo_file,text,title,updated_date,category_id,user_id) VALUES (4,1369249028460,1,'image1.jpg','this is another coat','blue coat',45000,1,1);
INSERT INTO advertisement (id,created_date,is_deleted,photo_file,text,title,updated_date,category_id,user_id) VALUES (5,1369242628460,1,'image2.jpg','this is shoes','white coat',55000,1,1);
INSERT INTO advertisement (id,created_date,is_deleted,photo_file,text,title,updated_date,category_id,user_id) VALUES (6,1369249828460,1,'image3.jpg','this is cat','skate',65000,2,1);
INSERT INTO advertisement (id,created_date,is_deleted,photo_file,text,title,updated_date,category_id,user_id) VALUES (7,1369259028460,1,'image1.jpg','this is dog','skate',75000,2,1);
INSERT INTO advertisement (id,created_date,is_deleted,photo_file,text,title,updated_date,category_id,user_id) VALUES (8,1369252628460,1,'image2.jpg','this is toys','skate',85000,2,1);
INSERT INTO advertisement (id,created_date,is_deleted,photo_file,text,title,updated_date,category_id,user_id) VALUES (9,1369259828460,1,'image3.jpg','this is something','skate',95000,2,1);
INSERT INTO advertisement (id,created_date,is_deleted,photo_file,text,title,updated_date,category_id,user_id) VALUES (10,1369259828460,1,'импорт','импорт','импорт',95000,2,1);